aid,size,cpumax,cpumin,cpuavg,cpustdev,memmax,memmin,memavg,memstdev,disk,p
app_1,1,1.117,0.5,0.5068,0.0624,6.6240,6.1938,6.5129,0.0911,60,0
app_10,1,4,4,4,0,8,8,8,0,60,0
app_1003,1,0.5,0.5,0.5,0,3.6061,3.1232,3.3902,0.1724,60,0
app_1006,1,0.5,0.5,0.5,0,1,1,1,0,60,0
app_1007,1,0.5,0.5,0.5,0,1,1,1,0,60,0
app_1010,1,0.5,0.5,0.5,0,4.8048,3.6970,4.5205,0.2619,60,0
app_102,1,0.5,0.5,0.5,0,3.0566,2.8702,3.0298,0.0244,60,0
app_1028,1,0.5,0.5,0.5,0,1,1,1,0,60,0
app_1029,1,0.5,0.5,0.5,0,3.1616,2.5781,2.9860,0.1209,80,0
app_1030,1,2.54,0.5,0.5383,0.2679,3.9615,2.9489,3.4533,0.1869,60,0
app_1035,1,0.5,0.5,0.5,0,2.5819,2.1192,2.3763,0.1842,60,0
app_1038,1,8,8,8,0,16,16,16,0,80,0
app_1039,1,4,4,4,0,8,8,8,0,60,0
app_104,1,4,4,4,0,8,8,8,0,60,0
app_1041,1,0.5,0.5,0.5,0,1.2902,1,1.0665,0.0993,60,0
app_1042,1,0.5,0.5,0.5,0,2.9189,2.6680,2.7650,0.0651,60,0
app_1047,1,0.5,0.5,0.5,0,1,1,1,0,60,0
app_105,1,0.5,0.5,0.5,0,1,1,1,0,60,0
app_1052,1,1.28,0.5,0.5090,0.0789,5.1620,4.8227,4.9830,0.0816,60,0
app_1053,1,0.5,0.5,0.5,0,1.0060,1,1.0000,0.0006,60,0
app_1054,1,3.767,0.5,0.7014,0.4577,3.8026,2.5787,3.2209,0.4301,60,0
app_1056,1,0.5,0.5,0.5,0,1.1701,1,1.0424,0.0683,60,0
app_1058,1,0.5,0.5,0.5,0,2.7507,2.4036,2.5299,0.1205,60,0
app_106,1,6.018,0.5,0.8102,1.1286,6.9730,1,4.8294,1.6836,60,0
app_1061,1,0.5,0.5,0.5,0,3.0891,2.8275,2.9535,0.0789,60,0
app_1062,1,1.559,0.5,0.5480,0.2090,4.8062,4.4576,4.6119,0.1028,60,0
app_1064,1,0.5,0.5,0.5,0,3.4002,2.8798,3.1191,0.1696,60,0
app_1065,1,0.5,0.5,0.5,0,4.3245,2.5248,3.2307,0.5336,60,0
app_107,1,4,4,4,0,8,8,8,0,60,0
app_1074,1,0.5,0.5,0.5,0,1,1,1,0,60,0
app_1076,1,0.5,0.5,0.5,0,2.8369,2.3781,2.7241,0.0937,60,0
app_1079,1,0.5,0.5,0.5,0,1,1,1,0,60,0
app_1081,1,0.5,0.5,0.5,0,1,1,1,0,60,0
app_1082,1,0.5,0.5,0.5,0,5.6899,4.4298,5.1825,0.2960,60,0
app_1088,1,4,4,4,0,8,8,8,0,60,0
app_1092,1,0.5,0.5,0.5,0,2.9962,2.4157,2.7910,0.1592,60,0
app_1094,1,4,4,4,0,8,8,8,0,60,0
app_1095,1,0.5,0.5,0.5,0,4.1929,3.9643,4.0528,0.0571,60,0
app_11,1,0.5,0.5,0.5,0,2.4034,1.8985,2.1488,0.1392,60,0
app_1106,1,0.5,0.5,0.5,0,2.8053,2.6066,2.7051,0.0610,60,0
app_1111,1,0.5,0.5,0.5,0,1,1,1,0,60,0
app_1113,1,32,32,32,0,80,80,80,0,600,0
app_1114,1,4,4,4,0,8,8,8,0,60,0
app_1125,1,23.754,0.5,5.4409,5.8733,5.9443,2.9438,3.5808,0.7682,300,0
app_113,1,0.5,0.5,0.5,0,3.4136,1,3.1611,0.2677,60,0
app_1130,1,0.5,0.5,0.5,0,3.2908,2.7777,3.0149,0.1956,60,0
app_1132,1,4,4,4,0,8,8,8,0,60,0
app_1133,1,0.5,0.5,0.5,0,3.1712,2.6954,2.9763,0.1275,60,0
app_1135,1,0.5,0.5,0.5,0,3.3838,3.0059,3.1697,0.1138,60,0
app_1136,1,0.5,0.5,0.5,0,4.9055,3.1914,4.5189,0.5152,60,0
app_1137,1,0.5,0.5,0.5,0,2.8460,2.4169,2.6161,0.0875,60,0
app_114,1,0.5,0.5,0.5,0,4.4333,3.5430,4.2726,0.1340,60,0
app_1140,1,0.5,0.5,0.5,0,3.2712,2.7576,2.9942,0.1406,60,0
app_1141,1,0.5,0.5,0.5,0,4.2290,3.1661,3.6466,0.2846,60,0
app_1142,1,4,4,4,0,8,8,8,0,60,0
app_1146,1,1.856,0.5,0.8731,0.3944,5.1159,4.8174,4.9638,0.0966,60,0
app_1149,1,0.5,0.5,0.5,0,3.7534,1.3262,2.1859,0.5968,60,0
app_115,1,0.5,0.5,0.5,0,2.8528,2.3928,2.7182,0.1121,60,0
app_1151,1,2.113,0.5,0.5164,0.1629,4.2906,2.7029,3.2904,0.4344,60,0
app_1164,1,0.5,0.5,0.5,0,1,1,1,0,60,0
app_117,1,4,4,4,0,4,4,4,0,60,0
app_1171,1,0.5,0.5,0.5,0,3.1450,2.5202,2.8839,0.1529,60,0
app_1177,1,0.5,0.5,0.5,0,5.1669,5.0845,5.1068,0.0120,60,0
app_1179,1,0.5,0.5,0.5,0,3.4681,2.3346,3.0320,0.3419,60,0
app_1181,1,0.5,0.5,0.5,0,3.0078,2.5649,2.8460,0.1200,60,0
app_1183,1,4,4,4,0,8,8,8,0,60,0
app_1186,1,0.5,0.5,0.5,0,2.1711,1.6180,2.0508,0.1866,60,0
app_119,1,1.47,0.5,0.5823,0.2095,1,1,1,0,60,0
app_1198,1,0.809,0.5,0.5162,0.0514,6.1661,1,4.2750,1.3995,60,0
app_1199,1,0.5,0.5,0.5,0,3.3795,1,3.2604,0.4059,60,0
app_1202,1,0.5,0.5,0.5,0,5.6196,4.8629,5.3637,0.2474,60,0
app_1206,1,0.5,0.5,0.5,0,1,1,1,0,60,0
app_1209,1,4,4,4,0,8,8,8,0,60,0
app_1210,1,0.5,0.5,0.5,0,3.7530,2.2401,2.5656,0.3360,60,0
app_1211,1,0.5,0.5,0.5,0,2.6806,1,1.2288,0.2507,60,0
app_1215,1,0.5,0.5,0.5,0,3.2764,2.9308,3.1636,0.0932,60,0
app_1219,1,0.5,0.5,0.5,0,3.6817,3.1177,3.4566,0.1087,60,0
app_1223,1,0.5,0.5,0.5,0,4.4035,4.2686,4.3595,0.0392,60,0
app_1225,1,4,4,4,0,8,8,8,0,60,0
app_123,1,0.5,0.5,0.5,0,3.1163,2.7075,2.9829,0.0771,60,0
app_1230,1,4,4,4,0,8,8,8,0,60,0
app_1231,1,0.5,0.5,0.5,0,5.3203,4.0083,4.9141,0.1441,60,0
app_124,1,0.5,0.5,0.5,0,4.8973,3.4089,4.4524,0.4463,60,0
app_1242,1,0.5,0.5,0.5,0,3.6989,3.5869,3.6708,0.0281,60,0
app_1245,1,0.5,0.5,0.5,0,3.1550,2.7626,3.0285,0.1090,60,0
app_1246,1,0.715,0.5,0.5023,0.0217,4.9898,4.4525,4.8342,0.1452,60,0
app_1250,1,0.5,0.5,0.5,0,5.0075,3.2340,4.2530,0.4241,60,0
app_1254,1,4,4,4,0,8,8,8,0,60,0
app_126,1,0.5,0.5,0.5,0,1.6242,1,1.1642,0.2272,60,0
app_1261,1,0.5,0.5,0.5,0,3.4970,2.7640,3.1660,0.2708,60,0
app_1264,1,4,4,4,0,8,8,8,0,60,0
app_1265,1,0.5,0.5,0.5,0,3.9777,3.4412,3.8519,0.1918,60,0
app_1266,1,0.5,0.5,0.5,0,1,1,1,0,60,0
app_1269,1,0.5,0.5,0.5,0,4.4476,2.5117,3.5657,0.7635,60,0
app_1276,1,0.5,0.5,0.5,0,7.0948,2.3383,4.9803,2.1797,60,0
app_1277,1,0.5,0.5,0.5,0,3.2685,2.3818,3.0595,0.1440,60,0
app_1282,1,0.5,0.5,0.5,0,1,1,1,0,60,0
app_1283,1,0.5,0.5,0.5,0,1,1,1,0,60,0
app_1286,1,0.5,0.5,0.5,0,3.6945,3.1790,3.4605,0.1612,60,0
app_1289,1,4,4,4,0,8,8,8,0,60,0
app_1290,1,0.5,0.5,0.5,0,3.2570,2.7639,3.0513,0.1369,60,0
app_1297,1,0.745,0.5,0.5025,0.0247,2.7076,2.2327,2.5404,0.1134,60,0
app_1299,1,0.5,0.5,0.5,0,1.5882,1.1352,1.3741,0.1291,60,0
app_130,1,1.898,0.5,0.5693,0.2189,5.1915,3.6724,5.0049,0.1530,40,0
app_1306,1,4,4,4,0,8,8,8,0,60,0
app_1313,1,0.5,0.5,0.5,0,3.3484,2.8945,3.1135,0.1487,60,0
app_1316,1,4,0.5,0.7920,0.6323,4.6174,2.9699,4.2131,0.5389,60,0
app_1319,1,4,4,4,0,8,8,8,0,60,0
app_1331,1,0.5,0.5,0.5,0,5.0364,4.5998,4.8637,0.1141,60,0
app_1332,1,0.5,0.5,0.5,0,1,1,1,0,60,0
app_1337,1,1.639,0.5,0.6953,0.2849,3.6399,2.4033,3.2870,0.3393,60,0
app_134,1,0.5,0.5,0.5,0,2.5425,2.3838,2.4916,0.0474,60,0
app_1340,1,0.5,0.5,0.5,0,1,1,1,0,60,0
app_1341,1,0.5,0.5,0.5,0,2.5444,2.0154,2.1839,0.1577,60,0
app_1351,1,0.979,0.5,0.5399,0.0802,1.0467,1,1.0009,0.0066,60,0
app_1353,1,0.5,0.5,0.5,0,1,1,1,0,60,0
app_1355,1,0.5,0.5,0.5,0,3.5911,2.8270,3.2491,0.2409,60,0
app_1357,1,0.5,0.5,0.5,0,1,1,1,0,60,0
app_136,1,0.5,0.5,0.5,0,5.5670,2.5993,3.2303,0.6916,60,0
app_1363,1,0.5,0.5,0.5,0,4.6355,3.1835,3.6903,0.5163,60,0
app_1366,1,0.5,0.5,0.5,0,3.0228,2.6948,2.9018,0.0850,60,0
app_1368,1,0.5,0.5,0.5,0,3.9625,3.2946,3.6348,0.2320,60,0
app_1370,1,4,4,4,0,16,16,16,0,80,0
app_1371,1,0.5,0.5,0.5,0,5.3418,4.8707,5.1143,0.1520,60,0
app_1379,1,0.5,0.5,0.5,0,4.0712,1,2.4963,1.0379,60,0
app_138,1,0.5,0.5,0.5,0,2.7156,2.1861,2.5119,0.1723,60,0
app_1381,1,2,0.5,0.5753,0.2532,3.9718,2.6205,3.5474,0.3293,60,0
app_1384,1,0.5,0.5,0.5,0,2.8651,2.2971,2.5623,0.1829,60,0
app_1390,1,1.035,0.5,0.5054,0.0540,5.2183,3.0055,4.8364,0.5626,60,0
app_1393,1,1.024,0.5,0.5053,0.0529,6.3896,2.1647,3.0576,0.8239,60,0
app_1397,1,0.5,0.5,0.5,0,2.8534,2.7047,2.8170,0.0332,60,0
app_1400,1,0.5,0.5,0.5,0,3.0193,2.5072,2.7578,0.1165,60,0
app_1404,1,0.5,0.5,0.5,0,5.1770,4.6837,4.8884,0.1116,300,0
app_1406,1,0.5,0.5,0.5,0,5.6910,5.2360,5.5229,0.1244,60,0
app_141,1,0.5,0.5,0.5,0,2.7723,1,2.3551,0.5666,60,0
app_1411,1,0.5,0.5,0.5,0,4.6029,3.5313,4.0041,0.3019,60,0
app_1417,1,2.651,0.5,0.5260,0.2190,5.4447,3.7486,4.7231,0.3337,60,0
app_1422,1,1.081,0.5,0.5445,0.1514,12.2560,6.8543,10.4179,1.7122,100,0
app_1430,1,0.5,0.5,0.5,0,2.9919,1,2.7114,0.3740,60,0
app_1436,1,0.5,0.5,0.5,0,2.9183,2.6785,2.7633,0.0687,60,0
app_1439,1,0.5,0.5,0.5,0,1,1,1,0,60,0
app_1442,1,0.5,0.5,0.5,0,2.8084,2.2213,2.5509,0.1594,60,0
app_1444,1,0.5,0.5,0.5,0,3.6123,3.0338,3.4080,0.2164,60,0
app_1445,1,2.654,0.5,0.6015,0.2734,2.5630,1,1.8328,0.2926,60,0
app_1446,1,0.5,0.5,0.5,0,4.0419,2.8151,3.5326,0.5603,60,0
app_1448,1,0.5,0.5,0.5,0,2.2749,2.0836,2.0972,0.0211,60,0
app_1450,1,0.5,0.5,0.5,0,5.4270,5.2925,5.3453,0.0327,60,0
app_1451,1,0.5,0.5,0.5,0,1,1,1,0,60,0
app_1453,1,0.5,0.5,0.5,0,2.1263,1.6898,1.9324,0.1191,60,0
app_1457,1,0.5,0.5,0.5,0,2.6454,2.3392,2.5171,0.0770,80,0
app_1460,1,0.5,0.5,0.5,0,2.9352,2.4438,2.7755,0.1709,60,0
app_1462,1,0.553,0.5,0.5009,0.0067,5.5113,4.8297,5.3326,0.2061,60,0
app_1465,1,4,4,4,0,8,8,8,0,60,0
app_1466,1,0.5,0.5,0.5,0,1,1,1,0,60,0
app_1467,1,4,4,4,0,8,8,8,0,60,0
app_1471,1,1.132,0.5,0.5176,0.0850,6.5086,6.4840,6.4964,0.0057,60,0
app_1472,1,0.507,0.5,0.5000,0.0007,4.5861,3.6488,4.2269,0.1879,60,0
app_1474,1,0.5,0.5,0.5,0,2.4344,2.3647,2.4127,0.0115,60,0
app_1477,1,1.024,0.5,0.5054,0.0529,6.3903,3.3469,5.4915,0.9098,60,0
app_1489,1,0.5,0.5,0.5,0,2.9241,2.2844,2.7663,0.1401,60,0
app_1490,1,0.5,0.5,0.5,0,4.4200,3.9502,4.2758,0.1325,60,0
app_1492,1,4,4,4,0,8,8,8,0,60,0
app_1493,1,4,4,4,0,8,8,8,0,60,0
app_1496,1,0.5,0.5,0.5,0,5.3710,1,4.9112,0.6597,60,0
app_1501,1,0.5,0.5,0.5,0,1.3523,1,1.0731,0.1141,60,0
app_1504,1,0.5,0.5,0.5,0,1,1,1,0,60,0
app_1512,1,0.5,0.5,0.5,0,1.9538,1,1.6281,0.3999,60,0
app_1513,1,0.799,0.5,0.5065,0.0386,4.9667,4.5192,4.7134,0.1457,60,0
app_1514,1,0.5,0.5,0.5,0,1,1,1,0,60,0
app_1517,1,0.5,0.5,0.5,0,3.0711,2.4178,2.8274,0.1936,60,0
app_1519,1,0.5,0.5,0.5,0,2.9163,2.4471,2.6398,0.1340,60,0
app_152,1,0.5,0.5,0.5,0,3.1709,2.6999,3.0413,0.1060,60,0
app_1520,1,0.5,0.5,0.5,0,2.1970,1,1.5069,0.3869,60,0
app_1521,1,0.5,0.5,0.5,0,4.4132,4.3534,4.3719,0.0209,167,0
app_1528,1,4,4,4,0,8,8,8,0,60,0
app_1531,1,0.5,0.5,0.5,0,3.8901,1.4921,3.1549,0.8684,60,0
app_1532,1,0.5,0.5,0.5,0,5.2572,4.3952,4.8834,0.2530,60,0
app_154,1,0.5,0.5,0.5,0,2.9329,1.7038,2.5249,0.3623,60,0
app_1542,1,0.5,0.5,0.5,0,5.8080,3.3545,4.6524,0.7827,60,0
app_1552,1,4,4,4,0,8,8,8,0,60,0
app_1553,1,0.5,0.5,0.5,0,1,1,1,0,60,0
app_1556,1,0.5,0.5,0.5,0,3.8440,3.2067,3.6465,0.1813,60,0
app_156,1,0.5,0.5,0.5,0,3.3849,2.3929,3.0269,0.2317,60,0
app_1566,1,0.5,0.5,0.5,0,3.8922,3.4695,3.6677,0.1258,60,0
app_1567,1,4,4,4,0,8,8,8,0,60,0
app_1568,1,4,4,4,0,16,16,16,0,80,0
app_1569,1,0.5,0.5,0.5,0,2.8967,2.4178,2.7518,0.1228,60,0
app_1571,1,0.5,0.5,0.5,0,1,1,1,0,60,0
app_1573,1,0.5,0.5,0.5,0,1,1,1,0,60,0
app_1577,1,4,4,4,0,8,8,8,0,60,0
app_1578,1,4,4,4,0,8,8,8,0,60,0
app_1580,1,0.5,0.5,0.5,0,3.5914,2.8613,3.3127,0.1795,60,0
app_1581,1,0.5,0.5,0.5,0,1,1,1,0,60,0
app_1582,1,0.5,0.5,0.5,0,2.7555,2.3770,2.6226,0.0990,60,0
app_1583,1,0.5,0.5,0.5,0,3.5870,1,2.6406,0.7102,60,0
app_1585,1,2.596,0.5,0.5641,0.3629,6.1721,2.9847,4.6595,0.8433,60,0
app_1591,1,0.5,0.5,0.5,0,3.6638,2.7243,3.3540,0.3096,60,0
app_1595,1,0.5,0.5,0.5,0,3.3567,2.8199,3.1828,0.1179,60,0
app_1597,1,0.5,0.5,0.5,0,1.4570,1.3933,1.4217,0.0097,60,0
app_1600,1,0.5,0.5,0.5,0,5.2115,3.2035,4.6189,0.7097,60,0
app_1601,1,2.255,0.5,0.5628,0.2293,6.1875,3.9378,5.7208,0.3062,60,0
app_1603,1,1.532,0.5,0.5622,0.2018,5.3592,4.9137,5.0438,0.0811,100,0
app_1607,1,0.875,0.5,0.5041,0.0379,5.0806,3.6069,4.7999,0.3282,60,0
app_1608,1,0.562,0.5,0.5006,0.0062,6.6863,6.2391,6.5077,0.1102,60,0
app_161,1,0.5,0.5,0.5,0,2.9710,2.8187,2.8953,0.0514,60,0
app_1610,1,4,4,4,0,8,8,8,0,60,0
app_1611,1,0.5,0.5,0.5,0,2.7555,1,1.1552,0.4907,60,0
app_1613,1,0.5,0.5,0.5,0,1.0684,1,1.0035,0.0130,60,0
app_1614,1,1.228,0.5,0.5634,0.1853,5.9403,2.5350,3.1983,0.8519,60,0
app_1617,1,4,4,4,0,8,8,8,0,60,0
app_1619,1,1.123,0.5,0.5771,0.1994,2.3452,1,1.8883,0.5332,60,0
app_162,1,0.5,0.5,0.5,0,2.5518,2.4400,2.4796,0.0300,60,0
app_1620,1,0.5,0.5,0.5,0,3.5105,2.7264,3.2736,0.1444,60,0
app_1622,1,0.5,0.5,0.5,0,1,1,1,0,60,0
app_1626,1,0.5,0.5,0.5,0,4.3323,2.9147,4.0983,0.4164,60,0
app_1629,1,0.5,0.5,0.5,0,3.9739,2.5495,3.5789,0.3327,60,0
app_163,1,0.5,0.5,0.5,0,3.0026,2.5435,2.8069,0.1211,60,0
app_1631,1,0.5,0.5,0.5,0,3.1351,2.6873,3.0139,0.1017,60,0
app_1632,1,4,4,4,0,8,8,8,0,60,0
app_1633,1,0.5,0.5,0.5,0,4.0868,2.7208,3.8293,0.2734,60,0
app_1636,1,0.5,0.5,0.5,0,3.6353,3.1978,3.3539,0.1731,60,0
app_1649,1,0.996,0.5,0.6171,0.2006,5.3693,3.9922,5.2258,0.3022,60,0
app_1655,1,4,4,4,0,8,8,8,0,60,0
app_1660,1,4,4,4,0,8,8,8,0,60,0
app_1666,1,4,3.668,3.9955,0.0339,1.5175,1.0687,1.3238,0.0877,60,0
app_1667,1,0.5,0.5,0.5,0,4.0427,3.3291,3.8217,0.1606,60,0
app_1669,1,0.5,0.5,0.5,0,3.6380,3.5672,3.5916,0.0136,60,0
app_167,1,4,4,4,0,4,4,4,0,60,0
app_1671,1,0.5,0.5,0.5,0,1,1,1,0,60,0
app_1672,1,4,4,4,0,8,8,8,0,60,0
app_1678,1,0.5,0.5,0.5,0,3.4352,2.9562,3.2135,0.1335,100,0
app_168,1,0.5,0.5,0.5,0,3.7426,2.8574,3.3509,0.2435,60,0
app_1680,1,0.5,0.5,0.5,0,2.7965,2.6782,2.7601,0.0192,60,0
app_1681,1,0.5,0.5,0.5,0,3.1525,2.6242,2.9868,0.1298,60,0
app_1685,1,0.5,0.5,0.5,0,1,1,1,0,60,0
app_1692,1,0.5,0.5,0.5,0,6.0361,5.6072,5.8549,0.1255,60,0
app_1693,1,1.347,0.5,0.5086,0.0855,3.3731,2.6477,3.0770,0.1394,60,0
app_1696,1,1.29,0.893,1.0021,0.0657,4.1718,4.1125,4.1449,0.0152,60,0
app_1701,1,0.5,0.5,0.5,0,2.6839,2.4181,2.6270,0.0462,60,0
app_1702,1,0.5,0.5,0.5,0,2.8086,2.4316,2.5381,0.0686,60,0
app_1704,1,0.5,0.5,0.5,0,2.4661,2.1185,2.2919,0.1066,60,0
app_1706,1,4,4,4,0,8,8,8,0,60,0
app_1709,1,0.5,0.5,0.5,0,2.8663,2.6459,2.7389,0.0563,60,0
app_171,1,0.5,0.5,0.5,0,4.9531,3.3240,4.6060,0.4525,60,0
app_1711,1,0.5,0.5,0.5,0,2.6891,2.2342,2.5157,0.1281,60,0
app_1712,1,0.5,0.5,0.5,0,1,1,1,0,60,0
app_1714,1,0.648,0.5,0.5598,0.0597,2.5248,2.4511,2.4730,0.0212,60,0
app_1717,1,4,4,4,0,8,8,8,0,60,0
app_1719,1,0.5,0.5,0.5,0,3.5724,2.3704,2.8888,0.3171,60,0
app_1741,1,1.522,0.5,0.5290,0.1643,11.1805,9.3734,10.6335,0.3167,60,0
app_1745,1,4,4,4,0,16,16,16,0,80,0
app_1747,1,0.5,0.5,0.5,0,3.2352,2.7570,3.0985,0.1134,60,0
app_1750,1,4,4,4,0,16,16,16,0,80,0
app_1753,1,0.5,0.5,0.5,0,2.6208,1.6847,2.4142,0.2513,60,0
app_1755,1,0.5,0.5,0.5,0,1,1,1,0,60,0
app_176,1,0.76,0.5,0.5048,0.0304,13.5921,1,11.9750,3.0907,80,0
app_1763,1,1.116,0.5,0.7824,0.2958,4.3043,2.5070,3.6453,0.5780,60,0
app_1765,1,0.5,0.5,0.5,0,3.1820,2.7683,3.0320,0.1224,60,0
app_1769,1,1.764,0.5,0.5226,0.1480,6.9664,3.8308,5.7619,0.9071,60,0
app_177,1,0.5,0.5,0.5,0,6.1538,2.8173,4.8960,1.3276,60,0
app_1776,1,4,4,4,0,8,8,8,0,60,0
app_178,1,0.5,0.5,0.5,0,4.8923,3.8852,4.4917,0.3712,60,0
app_1791,1,0.5,0.5,0.5,0,3.0980,2.2448,2.6734,0.2883,60,0
app_1792,1,4,4,4,0,8,8,8,0,60,0
app_1794,1,0.522,0.5,0.5004,0.0030,5.4960,3.0516,5.1262,0.4784,60,0
app_1799,1,4,4,4,0,8,8,8,0,60,0
app_1801,1,0.509,0.5,0.5004,0.0019,3.7320,3.2944,3.4723,0.0949,60,0
app_1806,1,0.5,0.5,0.5,0,1,1,1,0,60,0
app_1807,1,0.5,0.5,0.5,0,4.1240,3.9121,4.0453,0.0517,60,0
app_1809,1,0.5,0.5,0.5,0,3.2366,2.6273,3.0143,0.1672,60,0
app_181,1,0.5,0.5,0.5,0,1,1,1,0,60,0
app_1811,1,0.581,0.5,0.5008,0.0081,3.3241,2.9172,3.1182,0.1260,60,0
app_1812,1,0.5,0.5,0.5,0,3.3239,2.4158,2.9652,0.2482,60,0
app_1814,1,0.5,0.5,0.5,0,1.1366,1,1.0048,0.0210,60,0
app_1817,1,0.5,0.5,0.5,0,1,1,1,0,60,0
app_1818,1,0.5,0.5,0.5,0,2.8975,2.4258,2.6813,0.1424,60,0
app_1823,1,0.5,0.5,0.5,0,1,1,1,0,60,0
app_1826,1,0.5,0.5,0.5,0,8.0912,1,3.7015,1.5791,60,0
app_1835,1,0.5,0.5,0.5,0,3.9824,3.3212,3.6239,0.1589,60,0
app_184,1,4,4,4,0,8,8,8,0,60,0
app_1844,1,0.5,0.5,0.5,0,1.5201,1,1.1409,0.2047,200,0
app_1846,1,4,4,4,0,8,8,8,0,60,0
app_1847,1,8,8,8,0,8,8,8,0,60,0
app_1850,1,2.234,0.5,0.6125,0.2141,7.4480,6.3793,6.9765,0.2172,40,0
app_1854,1,0.5,0.5,0.5,0,4.2517,2.7732,3.7278,0.4052,60,0
app_1859,1,0.5,0.5,0.5,0,6.3225,4.4247,5.4926,0.4073,60,0
app_1860,1,0.5,0.5,0.5,0,1,1,1,0,60,0
app_1867,1,0.5,0.5,0.5,0,2.2581,1.0176,1.9739,0.3562,60,0
app_1870,1,0.5,0.5,0.5,0,7.7928,7.2430,7.5792,0.2055,100,0
app_1879,1,24,1.093,9.1275,9.0810,14.8385,3.4062,5.6504,1.3545,300,0
app_1882,1,4,4,4,0,8,8,8,0,60,0
app_189,1,0.5,0.5,0.5,0,5.5343,3.4789,4.8363,0.6027,60,0
app_1896,1,4,4,4,0,8,8,8,0,60,0
app_1897,1,0.5,0.5,0.5,0,2.7446,2.3426,2.5328,0.1258,60,0
app_1902,1,0.5,0.5,0.5,0,1,1,1,0,60,0
app_1907,1,0.79,0.5,0.5029,0.0292,4.0411,1,3.0257,0.4970,60,0
app_1910,1,0.5,0.5,0.5,0,1,1,1,0,60,0
app_1917,1,0.5,0.5,0.5,0,4.3783,2.8194,3.2669,0.5546,60,0
app_1920,1,0.5,0.5,0.5,0,1,1,1,0,60,0
app_1921,1,4,4,4,0,8,8,8,0,60,0
app_1924,1,0.5,0.5,0.5,0,1.6664,1.2509,1.4172,0.1306,60,0
app_1925,1,0.5,0.5,0.5,0,2.8572,2.4721,2.6464,0.1124,60,0
app_1926,1,0.5,0.5,0.5,0,3.9065,2.4039,2.7515,0.3571,60,0
app_1928,1,0.5,0.5,0.5,0,2.6693,2.1676,2.3413,0.1462,60,0
app_1933,1,3.673,0.5,0.6942,0.4298,7.2147,4.4163,6.8357,0.3696,60,0
app_1934,1,0.5,0.5,0.5,0,4.9475,2.5421,4.6084,0.3922,60,0
app_1935,1,0.5,0.5,0.5,0,1,1,1,0,60,0
app_194,1,0.5,0.5,0.5,0,3.5887,3.0523,3.4124,0.0913,60,0
app_1950,1,4,4,4,0,8,8,8,0,60,0
app_1951,1,0.5,0.5,0.5,0,1.5250,1,1.0087,0.0570,60,0
app_1954,1,0.5,0.5,0.5,0,9.0424,7.1989,7.8371,0.6362,60,0
app_1963,1,4,4,4,0,8,8,8,0,60,0
app_1964,1,4,4,4,0,8,8,8,0,80,0
app_1965,1,1.099,0.5,0.5347,0.1102,5.3290,4.6193,5.0868,0.1561,40,0
app_1966,1,4,4,4,0,8,8,8,0,60,0
app_1970,1,0.5,0.5,0.5,0,4.6108,3.0422,4.2334,0.5255,60,0
app_1974,1,0.856,0.5,0.5612,0.1012,4.2622,2.9419,3.9607,0.3813,60,0
app_1985,1,1.609,0.5,0.8077,0.2755,4.2124,2.9291,3.5472,0.4043,60,0
app_1989,1,4,4,4,0,8,8,8,0,60,0
app_1992,1,4,4,4,0,8,8,8,0,60,0
app_1995,1,0.5,0.5,0.5,0,1,1,1,0,60,0
app_1996,1,0.821,0.5,0.5192,0.0545,4.0497,2.4632,3.3578,0.4759,60,0
app_2,1,0.5,0.5,0.5,0,4.4198,3.0319,4.2021,0.4157,60,0
app_200,1,4,4,4,0,8,8,8,0,60,0
app_2001,1,0.5,0.5,0.5,0,1.7785,1.4645,1.6294,0.0858,60,0
app_2003,1,0.5,0.5,0.5,0,1,1,1,0,60,0
app_2006,1,0.5,0.5,0.5,0,3.6078,2.7645,3.2807,0.2337,60,0
app_2008,1,0.559,0.5,0.5006,0.0059,5.6767,1,5.2171,0.4757,60,0
app_2009,1,0.5,0.5,0.5,0,4.2639,2.6823,3.0922,0.3348,60,0
app_2011,1,8,8,8,0,16,16,16,0,200,0
app_2012,1,0.5,0.5,0.5,0,1,1,1,0,600,0
app_2014,1,0.5,0.5,0.5,0,5.2742,3.0876,4.3063,0.8805,60,0
app_2021,1,0.5,0.5,0.5,0,1.1553,1,1.0146,0.0342,60,0
app_2025,1,4,4,4,0,8,8,8,0,60,0
app_2028,1,8,8,8,0,16,16,16,0,60,0
app_203,1,0.5,0.5,0.5,0,2.9831,2.6158,2.7329,0.0919,60,0
app_2032,1,3.242,0.5,0.5279,0.2769,3.3029,2.3921,3.0095,0.2065,60,0
app_2036,1,0.5,0.5,0.5,0,3.0448,2.7550,2.9098,0.0823,60,0
app_2038,1,0.5,0.5,0.5,0,4.8769,4.1745,4.6927,0.1444,60,0
app_2039,1,0.5,0.5,0.5,0,1,1,1,0,60,0
app_204,1,0.5,0.5,0.5,0,1.1033,1,1.0364,0.0433,60,0
app_2042,1,0.5,0.5,0.5,0,3.5573,2.7905,3.2815,0.1676,60,0
app_2043,1,0.5,0.5,0.5,0,2.9088,2.4460,2.7046,0.1313,60,0
app_2047,1,0.5,0.5,0.5,0,1,1,1,0,60,0
app_2049,1,2.946,0.5,0.5820,0.3491,9.9259,1,7.9643,1.3223,60,0
app_205,1,0.5,0.5,0.5,0,3.8284,2.2534,2.6702,0.5443,60,0
app_2052,1,0.5,0.5,0.5,0,1.3363,1,1.0034,0.0339,60,0
app_2056,1,0.5,0.5,0.5,0,3.9894,2.8650,2.9943,0.2078,60,0
app_2060,1,3.251,0.5,0.9305,0.4231,6.1493,4.7853,5.2479,0.2540,60,0
app_2062,1,1.413,0.5,0.5093,0.0922,6.9872,1,3.7793,2.5455,100,0
app_2066,1,0.5,0.5,0.5,0,3.2102,2.5446,2.9061,0.1749,60,0
app_2068,1,0.5,0.5,0.5,0,3.9639,3.8832,3.9038,0.0136,60,0
app_2069,1,0.5,0.5,0.5,0,1,1,1,0,60,0
app_2075,1,0.717,0.5,0.5027,0.0224,3.0277,2.5299,2.8547,0.1200,60,0
app_2080,1,4,4,4,0,8,8,8,0,60,0
app_2081,1,2.753,0.5,2.0188,0.6512,1.1496,1,1.0023,0.0172,60,0
app_2085,1,0.5,0.5,0.5,0,3.7744,2.9613,3.4338,0.2452,60,0
app_2087,1,0.5,0.5,0.5,0,1.0061,1,1.0000,0.0006,60,0
app_2092,1,0.726,0.5,0.5296,0.0674,4.6342,4.5534,4.5929,0.0256,60,0
app_2097,1,0.5,0.5,0.5,0,2.9033,2.4057,2.6955,0.1473,60,0
app_2099,1,0.5,0.5,0.5,0,1.5230,1.0122,1.4560,0.0824,60,0
app_2101,1,0.5,0.5,0.5,0,8.7611,7.6465,8.6157,0.1314,300,0
app_2102,1,3.689,0.5,0.5855,0.3611,2.3693,1.8932,2.2357,0.1036,60,0
app_2105,1,0.5,0.5,0.5,0,3.7611,2.7663,3.3229,0.2332,60,0
app_2106,1,0.612,0.5,0.5011,0.0113,1.6473,1,1.3163,0.2293,60,0
app_2109,1,0.5,0.5,0.5,0,10.8915,8.8383,9.7283,0.4711,300,0
app_2115,1,0.5,0.5,0.5,0,3.3571,2.7768,3.0766,0.1696,60,0
app_2118,1,0.704,0.5,0.5045,0.0248,2.2985,1,1.0662,0.2871,60,0
app_2119,1,0.5,0.5,0.5,0,1,1,1,0,80,0
app_212,1,0.5,0.5,0.5,0,3.2484,2.3872,2.8023,0.2002,60,0
app_2121,1,0.5,0.5,0.5,0,1,1,1,0,60,0
app_2122,1,4,4,4,0,8,8,8,0,60,0
app_2123,1,0.773,0.5,0.5541,0.0746,2.1854,1.7378,1.9973,0.1257,60,0
app_2137,1,0.5,0.5,0.5,0,6.0308,4.7080,5.4891,0.2510,60,0
app_214,1,0.5,0.5,0.5,0,4.1601,3.2233,3.8415,0.2686,60,0
app_2141,1,0.5,0.5,0.5,0,1,1,1,0,60,0
app_2144,1,0.509,0.5,0.5000,0.0009,5.3949,1,4.4687,1.6003,60,0
app_2149,1,0.5,0.5,0.5,0,3.8702,3.0603,3.4823,0.2152,60,0
app_2151,1,1.262,0.5,0.514,0.0934,5.0674,3.1632,4.3994,0.5352,60,0
app_2154,1,0.5,0.5,0.5,0,1.1384,1,1.0107,0.0325,60,0
app_2159,1,0.5,0.5,0.5,0,7.3435,7.1877,7.2424,0.0443,80,0
app_2164,1,0.5,0.5,0.5,0,6.8310,2.8330,4.0783,1.3466,60,0
app_2167,1,0.5,0.5,0.5,0,3.3190,2.8174,3.0296,0.1095,60,0
app_2168,1,0.5,0.5,0.5,0,3.4256,2.9393,3.1898,0.1194,60,0
app_2169,1,1.096,0.5,0.6597,0.1529,7.5197,1,5.9948,1.0125,60,0
app_2171,1,0.5,0.5,0.5,0,3.6791,2.9257,3.4001,0.1755,60,0
app_2175,1,2.563,0.5,0.6850,0.2771,12.9540,10.5629,12.2963,0.4605,60,0
app_2177,1,0.5,0.5,0.5,0,1.3027,1,1.0674,0.1036,60,0
app_2179,1,0.5,0.5,0.5,0,3.4776,2.3481,2.7730,0.3460,60,0
app_218,1,0.5,0.5,0.5,0,4.6201,2.5013,3.4668,0.7165,60,0
app_2181,1,0.5,0.5,0.5,0,4.0415,2.4760,3.1183,0.4330,60,0
app_2182,1,0.5,0.5,0.5,0,4.6346,4.1347,4.4480,0.1817,60,0
app_2183,1,0.5,0.5,0.5,0,3.1841,2.6783,2.9766,0.1513,60,0
app_2190,1,0.5,0.5,0.5,0,1,1,1,0,60,0
app_2191,1,1.797,0.5,0.5617,0.2493,5.3576,2.4077,4.3362,0.8880,60,0
app_2198,1,0.5,0.5,0.5,0,1.3759,1,1.0550,0.1095,60,0
app_2202,1,0.512,0.5,0.5001,0.0012,5.3381,4.8459,5.0618,0.1654,60,0
app_2203,1,0.804,0.5,0.5083,0.0477,5.3198,4.7207,5.0685,0.1510,60,0
app_2204,1,0.5,0.5,0.5,0,4.7764,1,4.3351,0.7274,60,0
app_2208,1,0.5,0.5,0.5,0,6.6145,6.2286,6.4273,0.1134,60,0
app_2209,1,0.5,0.5,0.5,0,1,1,1,0,60,0
app_221,1,0.5,0.5,0.5,0,1,1,1,0,60,0
app_2210,1,0.5,0.5,0.5,0,4.2300,3.4323,4.0058,0.2333,60,0
app_2222,1,2.242,1.07,1.8135,0.4143,5.1748,4.1223,4.7329,0.3438,60,0
app_2223,1,3.836,0.5,1.0114,1.1964,6.0267,5.3767,5.7256,0.2249,60,0
app_2228,1,8,8,8,0,16,16,16,0,60,0
app_2230,1,0.5,0.5,0.5,0,2.6387,2.1759,2.4590,0.1055,60,0
app_2235,1,0.5,0.5,0.5,0,1.9998,1.6764,1.8551,0.0886,60,0
app_2247,1,0.5,0.5,0.5,0,2.8112,2.4515,2.7206,0.0863,60,0
app_2249,1,0.5,0.5,0.5,0,2.7867,2.6275,2.6769,0.0570,60,0
app_2253,1,0.5,0.5,0.5,0,5.7721,3.2397,4.8974,1.1512,60,0
app_2259,1,4,4,4,0,8,8,8,0,60,0
app_2262,1,0.5,0.5,0.5,0,2.2384,1,1.9371,0.3248,60,0
app_2267,1,1.466,0.5,0.5098,0.0975,3.5496,1,2.5691,0.5943,60,0
app_2276,1,0.5,0.5,0.5,0,2.9899,2.6228,2.8534,0.1039,60,0
app_2278,1,4,4,4,0,8,8,8,0,60,0
app_2280,1,0.5,0.5,0.5,0,1.2329,1,1.0469,0.0686,60,0
app_2282,1,4,4,4,0,8,8,8,0,60,0
app_2283,1,0.5,0.5,0.5,0,1.8747,1.3752,1.5907,0.1511,60,0
app_2286,1,0.5,0.5,0.5,0,3.9535,1,1.2540,0.8038,60,0
app_2287,1,0.706,0.5,0.5029,0.0223,12.3574,7.3982,8.7609,1.9295,80,0
app_2288,1,0.5,0.5,0.5,0,2.8498,2.4071,2.7553,0.0943,60,0
app_2294,1,0.5,0.5,0.5,0,1,1,1,0,60,0
app_2296,1,0.684,0.5,0.5018,0.0185,6.8549,1.9210,5.6853,1.6307,60,0
app_2304,1,0.5,0.5,0.5,0,1,1,1,0,60,0
app_2305,1,3.779,0.836,2.0175,0.7226,5.4378,4.9169,5.0929,0.1385,100,0
app_2306,1,0.5,0.5,0.5,0,2.5621,2.2956,2.4226,0.0804,60,0
app_2307,1,1.388,0.5,0.5305,0.1333,5.7781,4.7664,5.5199,0.1861,60,0
app_2308,1,0.5,0.5,0.5,0,3.7336,3.3323,3.5058,0.1198,60,0
app_231,1,8,8,8,0,16,16,16,0,40,0
app_2313,1,0.5,0.5,0.5,0,4.4645,3.4303,4.1507,0.2186,60,0
app_2314,1,4,4,4,0,8,8,8,0,60,0
app_2318,1,0.5,0.5,0.5,0,3.0410,2.7048,2.8840,0.0965,60,0
app_2320,1,4,4,4,0,8,8,8,0,60,0
app_2323,1,1.46,0.5,0.5097,0.0969,1,1,1,0,60,0
app_2324,1,0.5,0.5,0.5,0,3.2308,2.9651,3.1517,0.0654,60,0
app_2326,1,0.798,0.5,0.5084,0.0478,1.0473,1,1.0023,0.0090,60,0
app_2327,1,0.5,0.5,0.5,0,1.3207,1.1489,1.2228,0.0598,60,0
app_2328,1,2.258,0.5,0.5458,0.2350,4.8209,3.0293,3.9202,0.5266,200,0
app_233,1,0.5,0.5,0.5,0,6.9484,5.4939,6.4694,0.3316,60,0
app_2331,1,0.5,0.5,0.5,0,1.8032,1.4038,1.6260,0.1159,60,0
app_2334,1,4,4,4,0,8,8,8,0,80,0
app_2335,1,1.362,0.5,0.5222,0.1152,5.0427,1,3.6431,1.7290,40,0
app_2339,1,0.5,0.5,0.5,0,4.2518,2.7755,3.4614,0.4924,60,0
app_2346,1,0.5,0.5,0.5,0,3.3582,3.2943,3.3390,0.0163,60,0
app_2348,1,0.5,0.5,0.5,0,1,1,1,0,60,0
app_2355,1,0.5,0.5,0.5,0,3.7715,3.2232,3.4883,0.1550,60,0
app_2359,1,0.688,0.5,0.5019,0.0189,5.5742,4.9869,5.3242,0.1256,60,0
app_2361,1,0.5,0.5,0.5,0,1,1,1,0,60,0
app_2362,1,0.5,0.5,0.5,0,1,1,1,0,60,0
app_2364,1,2.156,0.5,0.5168,0.1672,2.8985,2.8414,2.8803,0.0117,60,0
app_2365,1,0.563,0.5,0.5013,0.0080,3.7501,3.0642,3.4382,0.2612,60,0
app_2366,1,4,4,4,0,8,8,8,0,60,0
app_2367,1,4,4,4,0,16,16,16,0,80,0
app_2368,1,4,4,4,0,16,16,16,0,80,0
app_2369,1,4,4,4,0,8,8,8,0,60,0
app_237,1,0.5,0.5,0.5,0,4.9536,2.5934,4.5934,0.5895,60,0
app_2370,1,4,4,4,0,8,8,8,0,60,0
app_2371,1,4,4,4,0,8,8,8,0,60,0
app_2372,1,0.5,0.5,0.5,0,3.6466,3.2099,3.4075,0.1195,60,0
app_2373,1,4,4,4,0,8,8,8,0,60,0
app_2374,1,2.768,0.5,0.5267,0.2309,4.7700,1,4.5609,0.6381,60,0
app_2375,1,4,4,4,0,16,16,16,0,80,0
app_2376,1,0.5,0.5,0.5,0,2.5985,2.4590,2.5153,0.0384,60,0
app_2377,1,4,4,4,0,8,8,8,0,60,0
app_2378,1,4,4,4,0,8,8,8,0,60,0
app_2379,1,0.5,0.5,0.5,0,3.4155,2.8368,3.1932,0.1303,60,0
app_2380,1,0.5,0.5,0.5,0,4.1046,2.9380,3.7501,0.4068,60,0
app_2381,1,0.5,0.5,0.5,0,3.1267,2.8070,2.8790,0.0586,60,0
app_2382,1,0.5,0.5,0.5,0,4.6525,4.5704,4.6266,0.0234,60,0
app_2383,1,0.5,0.5,0.5,0,3.5698,2.4866,3.1968,0.3170,60,0
app_2384,1,0.5,0.5,0.5,0,3.2909,2.8188,3.0548,0.1679,60,0
app_2385,1,0.5,0.5,0.5,0,4.9314,3.0227,3.8075,0.7119,60,0
app_2386,1,0.5,0.5,0.5,0,4.1608,2.4852,2.9247,0.4560,60,0
app_2387,1,0.5,0.5,0.5,0,3.0887,2.5525,2.8773,0.1298,60,0
app_2388,1,4,4,4,0,8,8,8,0,60,0
app_2389,1,4,4,4,0,8,8,8,0,60,0
app_239,1,0.5,0.5,0.5,0,2.9928,2.5518,2.8392,0.1282,60,0
app_2390,1,0.5,0.5,0.5,0,4.2993,3.7985,4.1061,0.1510,60,0
app_2391,1,1.055,0.5,0.5056,0.0560,4.9309,2.6801,4.2855,0.8998,60,0
app_2392,1,4,4,4,0,8,8,8,0,60,0
app_2393,1,0.501,0.5,0.5000,0.0001,4.9305,2.9993,4.3072,0.5818,60,0
app_2394,1,0.5,0.5,0.5,0,2.9438,2.8380,2.8984,0.0231,60,0
app_2395,1,0.5,0.5,0.5,0,2.5489,2.4123,2.4486,0.0140,80,0
app_2396,1,0.5,0.5,0.5,0,1,1,1,0,60,0
app_2397,1,0.5,0.5,0.5,0,1,1,1,0,60,0
app_2398,1,0.503,0.5,0.5000,0.0003,4.8834,2.9851,4.5193,0.2966,60,0
app_2399,1,0.5,0.5,0.5,0,1,1,1,0,60,0
app_240,1,4,4,4,0,8,8,8,0,60,0
app_2400,1,0.5,0.5,0.5,0,2.9957,2.7887,2.9345,0.0454,60,0
app_2401,1,4,4,4,0,8,8,8,0,60,0
app_2402,1,0.5,0.5,0.5,0,4.2292,2.4539,4.0688,0.2645,60,0
app_2403,1,4,4,4,0,8,8,8,0,60,0
app_2404,1,1.843,0.5,0.5215,0.1495,5.0864,2.9007,4.1744,0.7319,60,0
app_2405,1,0.5,0.5,0.5,0,2.8703,2.6837,2.7643,0.0330,60,0
app_2406,1,8,8,8,0,16,16,16,0,80,0
app_2407,1,1.042,0.5,0.5055,0.0547,4.9248,1,1.0632,0.4261,60,0
app_2408,1,16,16,16,0,32,32,32,0,200,0
app_2409,1,0.5,0.5,0.5,0,3.5436,1,3.2575,0.4243,60,0
app_241,1,0.5,0.5,0.5,0,2.4325,2.1770,2.3144,0.0856,60,0
app_2410,1,4,4,4,0,8,8,8,0,60,0
app_2411,1,0.5,0.5,0.5,0,4.1727,2.6969,3.5349,0.4608,60,0
app_2412,1,0.5,0.5,0.5,0,6.8552,3.4710,5.5231,1.5189,60,0
app_246,1,0.5,0.5,0.5,0,1,1,1,0,60,0
app_247,1,4,4,4,0,8,8,8,0,60,0
app_249,1,0.5,0.5,0.5,0,4.9670,4.7242,4.7953,0.0711,60,0
app_251,1,0.5,0.5,0.5,0,3.1473,2.4289,2.6948,0.3223,60,0
app_257,1,2.796,0.5,0.9120,0.4934,7.7746,1.9141,5.7804,2.0443,60,0
app_258,1,0.844,0.5,0.5102,0.0511,5.4588,4.9036,5.1743,0.1315,40,0
app_2585,1,0.5,0.5,0.5,0,3.2891,1,3.0415,0.2759,60,0
app_2591,1,0.5,0.5,0.5,0,3.0368,2.3685,2.7357,0.1657,60,0
app_2596,1,8,8,8,0,16,16,16,0,100,0
app_2598,1,0.5,0.5,0.5,0,5.2433,4.2668,5.0554,0.2298,60,0
app_2602,1,0.5,0.5,0.5,0,1,1,1,0,60,0
app_2603,1,0.5,0.5,0.5,0,2.7766,1.6049,2.6270,0.1753,60,0
app_2604,1,0.857,0.5,0.5088,0.0472,5.1391,3.8114,4.5912,0.4157,60,0
app_2605,1,0.5,0.5,0.5,0,4.4918,2.3863,3.8955,0.5756,60,0
app_2614,1,0.5,0.5,0.5,0,1,1,1,0,60,0
app_2615,1,0.5,0.5,0.5,0,1.3948,1,1.0273,0.0675,60,0
app_2617,1,4,4,4,0,8,8,8,0,60,0
app_2619,1,0.5,0.5,0.5,0,1,1,1,0,60,0
app_2624,1,0.5,0.5,0.5,0,1,1,1,0,60,0
app_2625,1,0.5,0.5,0.5,0,1,1,1,0,60,0
app_2626,1,0.5,0.5,0.5,0,4.1845,3.5372,4.0052,0.1665,60,0
app_2631,1,0.5,0.5,0.5,0,2.8279,2.4829,2.6852,0.1035,60,0
app_2635,1,0.5,0.5,0.5,0,3.3602,2.8950,3.1413,0.1148,60,0
app_2637,1,0.5,0.5,0.5,0,1,1,1,0,60,0
app_2638,1,0.5,0.5,0.5,0,4.0869,2.8808,3.5794,0.3021,60,0
app_264,1,4,4,4,0,8,8,8,0,60,0
app_2640,1,0.5,0.5,0.5,0,1,1,1,0,60,0
app_2642,1,0.5,0.5,0.5,0,3.6434,2.7477,3.2501,0.2363,60,0
app_2645,1,0.53,0.5,0.5003,0.0030,3.4781,1,1.4817,0.9572,60,0
app_2652,1,0.5,0.5,0.5,0,4.0261,3.6761,3.7770,0.1220,60,0
app_2654,1,4,4,4,0,8,8,8,0,80,0
app_2659,1,0.5,0.5,0.5,0,1.2362,1,1.0771,0.1113,60,0
app_266,1,8,8,8,0,16,16,16,0,100,0
app_2662,1,0.5,0.5,0.5,0,4.0180,3.1333,3.7188,0.2235,40,0
app_2663,1,0.5,0.5,0.5,0,2.5610,1.9119,2.3062,0.1577,60,0
app_2665,1,0.5,0.5,0.5,0,1,1,1,0,60,0
app_2667,1,0.5,0.5,0.5,0,2.5108,2.4721,2.4931,0.0095,60,0
app_2671,1,0.5,0.5,0.5,0,2.3605,1.7166,2.1401,0.1628,60,0
app_2676,1,0.5,0.5,0.5,0,1,1,1,0,60,0
app_2678,1,0.5,0.5,0.5,0,4.2113,3.1462,3.5693,0.3389,60,0
app_2681,1,4,4,4,0,8,8,8,0,60,0
app_2684,1,0.5,0.5,0.5,0,2.5566,1,2.2225,0.4450,60,0
app_2687,1,1.177,0.5,0.5069,0.0683,5.2071,4.5963,5.0543,0.0758,60,0
app_2688,1,2.591,0.5,0.7358,0.6364,8.1625,6.4083,7.2013,0.4129,60,0
app_2689,1,0.5,0.5,0.5,0,1,1,1,0,60,0
app_2691,1,0.5,0.5,0.5,0,3.7542,3.6411,3.6966,0.0411,60,0
app_2699,1,1.252,0.5,0.7096,0.1825,5.7165,3.9514,5.3855,0.3585,80,0
app_2702,1,0.662,0.5,0.5019,0.0165,4.5671,4.4497,4.5193,0.0235,60,0
app_2711,1,0.5,0.5,0.5,0,2.7568,2.6973,2.7275,0.0146,60,0
app_2714,1,0.5,0.5,0.5,0,1.2301,1,1.1740,0.0420,60,0
app_2717,1,0.868,0.5,0.5037,0.0371,6.3161,1,3.9631,2.3262,60,0
app_2719,1,0.5,0.5,0.5,0,5.0992,4.4296,4.8575,0.2858,60,0
app_272,1,4,4,4,0,16,16,16,0,80,0
app_2720,1,0.5,0.5,0.5,0,3.5537,2.4011,3.0702,0.4172,60,0
app_2722,1,0.5,0.5,0.5,0,1,1,1,0,60,0
app_2725,1,0.5,0.5,0.5,0,5.2186,4.7341,4.9812,0.1583,60,0
app_2727,1,0.5,0.5,0.5,0,2.9597,2.5023,2.7931,0.1288,60,0
app_273,1,16,16,16,0,60,60,60,0,60,0
app_2730,1,0.5,0.5,0.5,0,3.1574,2.7384,2.9689,0.1294,60,0
app_2732,1,0.5,0.5,0.5,0,3.3680,2.5918,3.0721,0.2154,60,0
app_2733,1,1.217,0.5,0.5361,0.1287,5.3071,3.4538,4.9114,0.4538,60,0
app_2735,1,0.5,0.5,0.5,0,3.7442,1,1.7150,0.9711,60,0
app_2739,1,0.5,0.5,0.5,0,9.3457,8.2302,9.0059,0.2461,60,0
app_274,1,4,4,4,0,8,8,8,0,60,0
app_2743,1,0.5,0.5,0.5,0,4.0441,3.1112,3.7126,0.2516,60,0
app_2748,1,0.5,0.5,0.5,0,3.3304,2.8587,3.1121,0.1380,60,0
app_2750,1,1.097,0.5,0.5227,0.0948,9.2827,7.5054,8.5706,0.3836,80,0
app_2752,1,1.628,0.5,0.6431,0.3020,10.7895,10.6683,10.7204,0.0338,60,0
app_2753,1,0.5,0.5,0.5,0,3.9422,3.3281,3.6945,0.1006,60,0
app_2756,1,4,4,4,0,8,8,8,0,60,0
app_2758,1,0.5,0.5,0.5,0,1,1,1,0,60,0
app_276,1,3.108,0.5,0.7385,0.6087,5.5616,1,4.4562,0.9107,60,0
app_2762,1,1.331,0.5,0.5084,0.0839,4.4762,3.2074,4.0094,0.3847,60,0
app_2768,1,0.5,0.5,0.5,0,1,1,1,0,60,0
app_277,1,0.5,0.5,0.5,0,3.1656,2.3674,2.9290,0.1564,60,0
app_2776,1,0.602,0.5,0.5010,0.0103,5.3478,4.9178,5.1498,0.1378,60,0
app_2779,1,0.5,0.5,0.5,0,1.9057,1.7002,1.8069,0.0684,60,0
app_2780,1,1.353,0.5,0.5102,0.0874,5.2527,3.8306,4.9406,0.1551,60,0
app_2781,1,0.513,0.5,0.5001,0.0013,6.5862,6.1395,6.4038,0.1264,60,0
app_2782,1,0.5,0.5,0.5,0,1,1,1,0,60,0
app_2785,1,2.27,0.5,0.5192,0.1789,5.6286,3.8698,5.2350,0.6133,60,0
app_2789,1,1.613,0.5,0.5780,0.1392,5.6544,3.0577,5.2433,0.5005,80,0
app_2791,1,0.5,0.5,0.5,0,5.3454,4.8626,5.1750,0.1286,60,0
app_2793,1,0.5,0.5,0.5,0,4.8154,3.7165,4.3787,0.4003,40,0
app_2795,1,4,4,4,0,8,8,8,0,60,0
app_2796,1,0.5,0.5,0.5,0,3.5579,2.6022,3.3554,0.1968,60,0
app_2801,1,0.5,0.5,0.5,0,1,1,1,0,60,0
app_2803,1,4,4,4,0,8,8,8,0,60,0
app_2810,1,1.139,0.5,0.5973,0.1793,4.5090,3.7372,4.1188,0.2044,60,0
app_2811,1,0.5,0.5,0.5,0,2.8007,1,2.3077,0.6134,60,0
app_2812,1,0.5,0.5,0.5,0,2.9554,1,1.0595,0.3370,60,0
app_2817,1,0.5,0.5,0.5,0,3.1059,2.5968,2.9152,0.1642,60,0
app_282,1,0.5,0.5,0.5,0,2.7970,2.3351,2.6263,0.1061,60,0
app_2820,1,0.5,0.5,0.5,0,1,1,1,0,60,0
app_2821,1,0.5,0.5,0.5,0,3.1904,2.9302,3.0519,0.0718,60,0
app_2823,1,0.5,0.5,0.5,0,3.1921,2.2090,2.8133,0.3351,60,0
app_2824,1,0.5,0.5,0.5,0,5.0827,4.5442,4.8992,0.1365,60,0
app_2830,1,0.5,0.5,0.5,0,1,1,1,0,60,0
app_2832,1,0.5,0.5,0.5,0,3.5589,1,2.3602,0.7476,60,0
app_2834,1,3.897,0.5,0.5544,0.3562,5.3981,1,3.8582,0.9001,100,0
app_2836,1,0.5,0.5,0.5,0,2.4301,1,1.4819,0.6391,60,0
app_2837,1,0.5,0.5,0.5,0,4.5613,3.0281,3.6870,0.5306,60,0
app_2838,1,0.5,0.5,0.5,0,2.5530,2.1179,2.3478,0.1066,60,0
app_2848,1,0.5,0.5,0.5,0,4.2116,4.0408,4.1149,0.0544,60,0
app_2851,1,16,16,16,0,60,60,60,0,60,0
app_2855,1,0.694,0.5,0.5125,0.0382,4.5719,1,1.8557,1.5082,60,0
app_2857,1,3.68,0.5,2.3141,0.9475,13.2666,12.9291,13.0895,0.0983,100,0
app_2858,1,0.5,0.5,0.5,0,2.8501,2.4462,2.6667,0.1188,60,0
app_2860,1,0.56,0.5,0.5014,0.0075,4.6219,3.0821,4.1871,0.5725,60,0
app_2863,1,4,4,4,0,8,8,8,0,60,0
app_2865,1,0.5,0.5,0.5,0,3.2466,2.7055,3.0128,0.1638,60,0
app_2868,1,0.5,0.5,0.5,0,3.3767,3.0963,3.2190,0.1169,60,0
app_2869,1,0.5,0.5,0.5,0,5.0269,3.3151,4.3432,0.5514,200,0
app_2871,1,0.5,0.5,0.5,0,1,1,1,0,60,0
app_2879,1,1.968,0.5,0.5364,0.1986,10.8285,7.7988,9.0831,0.6363,60,0
app_2881,1,0.5,0.5,0.5,0,1,1,1,0,60,0
app_2882,1,4,4,4,0,8,8,8,0,80,0
app_2885,1,0.5,0.5,0.5,0,2.9263,2.4478,2.8275,0.0748,60,0
app_2891,1,0.511,0.5,0.5001,0.0011,5.3282,4.8451,5.0893,0.1426,60,0
app_2894,1,0.5,0.5,0.5,0,1,1,1,0,60,0
app_2897,1,0.5,0.5,0.5,0,4.5821,3.4024,4.3478,0.4300,60,0
app_2898,1,0.5,0.5,0.5,0,4.5569,1,3.4547,0.7787,60,0
app_2907,1,4,4,4,0,8,8,8,0,60,0
app_2908,1,0.5,0.5,0.5,0,2.9216,2.2688,2.7173,0.1928,60,0
app_291,1,0.5,0.5,0.5,0,3.5445,2.4452,3.1783,0.4073,60,0
app_2919,1,0.5,0.5,0.5,0,3.7486,1,2.7107,0.8516,60,0
app_2920,1,4.151,0.5,1.5486,1.5817,7.8853,6.1285,7.2873,0.5197,60,0
app_2923,1,0.513,0.5,0.5001,0.0013,4.3070,3.5603,3.9864,0.2230,60,0
app_2927,1,2.113,0.5,0.524,0.1785,2.8151,2.4161,2.5754,0.1513,60,0
app_293,1,0.5,0.5,0.5,0,1,1,1,0,60,0
app_2931,1,3.401,0.5,0.5843,0.4129,5.1936,3.8463,4.5926,0.4857,60,0
app_2933,1,2.09,0.5,0.5803,0.2877,5.0697,3.0740,4.7389,0.2406,60,0
app_2934,1,0.5,0.5,0.5,0,3.7822,3.0360,3.1064,0.0792,60,0
app_2941,1,0.572,0.5,0.5007,0.0072,3.0447,2.5410,2.7772,0.1473,60,0
app_2943,1,0.5,0.5,0.5,0,5.6599,5.2852,5.3981,0.0784,60,0
app_2948,1,0.5,0.5,0.5,0,1,1,1,0,60,0
app_2950,1,0.5,0.5,0.5,0,1.7521,1.6903,1.7007,0.0086,60,0
app_2951,1,0.5,0.5,0.5,0,3.4653,2.8433,3.2155,0.1552,60,0
app_2956,1,0.5,0.5,0.5,0,6.0422,5.2125,5.9482,0.1662,60,0
app_2958,1,0.5,0.5,0.5,0,3.1665,2.5183,2.9314,0.1484,60,0
app_2960,1,4,4,4,0,8,8,8,0,60,0
app_2968,1,4,4,4,0,8,8,8,0,60,0
app_297,1,0.5,0.5,0.5,0,5.2470,3.1700,4.7178,0.7869,60,0
app_2971,1,0.5,0.5,0.5,0,2.8434,1.9077,2.4085,0.2613,100,0
app_2972,1,0.5,0.5,0.5,0,3.2149,2.5105,2.8630,0.2061,60,0
app_2975,1,0.5,0.5,0.5,0,4.9937,2.7650,4.4720,0.7154,60,0
app_2976,1,3.203,0.5,1.5153,0.5505,11.4875,7.5112,10.6719,0.5445,100,0
app_2985,1,1.453,0.5,0.6414,0.1684,5.5038,2.8827,5.0191,0.7224,40,0
app_2987,1,0.5,0.5,0.5,0,1,1,1,0,60,0
app_2988,1,0.5,0.5,0.5,0,3.2933,2.6998,3.0374,0.0787,60,0
app_2990,1,0.5,0.5,0.5,0,5.9447,3.1431,4.7854,1.0281,60,0
app_2992,1,0.5,0.5,0.5,0,1,1,1,0,60,0
app_2993,1,0.968,0.5,0.6503,0.2183,4.8885,4.5670,4.6876,0.0856,60,0
app_2994,1,1.019,0.5,0.5052,0.0524,6.2037,5.0190,5.6973,0.2060,60,0
app_2995,1,0.5,0.5,0.5,0,3.2597,2.3707,2.9869,0.2338,60,0
app_2999,1,0.5,0.5,0.5,0,9.2172,7.8669,8.4864,0.3895,40,0
app_3004,1,0.5,0.5,0.5,0,2.9094,2.6391,2.7996,0.0623,60,0
app_3005,1,4,4,4,0,16,16,16,0,80,0
app_3006,1,4,4,4,0,8,8,8,0,60,0
app_3016,1,0.885,0.5,0.5039,0.0388,5.4167,3.3275,4.5723,0.7899,60,0
app_3020,1,0.5,0.5,0.5,0,2.7522,2.4253,2.5546,0.0813,60,0
app_3024,1,0.5,0.5,0.5,0,2.3444,1,1.0411,0.2328,60,0
app_3025,1,0.5,0.5,0.5,0,4.3387,2.9525,3.7998,0.4406,60,0
app_3026,1,0.5,0.5,0.5,0,6.2799,4.3285,5.7064,0.7251,60,0
app_3028,1,4,4,4,0,8,8,8,0,60,0
app_3035,1,0.5,0.5,0.5,0,1.4798,1,1.2711,0.1488,60,0
app_3038,1,0.935,0.5,0.5224,0.0680,5.4566,5.1123,5.2270,0.1033,100,0
app_3039,1,6.154,0.5,1.4403,1.3314,8.4008,1,4.5700,3.5900,60,0
app_304,1,0.5,0.5,0.5,0,2.7278,2.2144,2.5025,0.1115,60,0
app_3040,1,4,4,4,0,8,8,8,0,60,0
app_3043,1,1.267,0.5,0.6931,0.2673,6.1599,5.6509,5.9772,0.1516,60,0
app_3046,1,4,4,4,0,8,8,8,0,60,0
app_3051,1,0.5,0.5,0.5,0,2.6601,2.2264,2.4913,0.0939,60,0
app_3055,1,0.5,0.5,0.5,0,4.1433,3.9778,4.0642,0.0456,60,0
app_3056,1,4,4,4,0,8,8,8,0,60,0
app_3057,1,0.5,0.5,0.5,0,1,1,1,0,60,0
app_3058,1,0.5,0.5,0.5,0,1,1,1,0,60,0
app_3061,1,0.5,0.5,0.5,0,3.2860,2.7383,3.0644,0.1999,60,0
app_3064,1,1.41,0.5,0.6754,0.2595,5.0279,3.7683,4.2076,0.3805,60,0
app_3069,1,4,4,4,0,8,8,8,0,60,0
app_3072,1,0.5,0.5,0.5,0,4.2243,3.8374,4.0762,0.1184,60,0
app_3073,1,0.5,0.5,0.5,0,1,1,1,0,60,0
app_3082,1,0.5,0.5,0.5,0,5.1442,4.5613,4.8608,0.1716,60,0
app_3090,1,4,4,4,0,10,10,10,0,60,0
app_3093,1,1.095,0.5,0.5060,0.0601,2.7581,1.9744,2.4456,0.1623,40,0
app_3099,1,0.5,0.5,0.5,0,4.0010,3.5295,3.8470,0.1398,60,0
app_31,1,0.5,0.5,0.5,0,5.1035,3.2765,4.3171,0.5496,60,0
app_3100,1,0.5,0.5,0.5,0,3.3561,2.6561,2.9011,0.1956,60,0
app_3102,1,0.5,0.5,0.5,0,3.1075,2.4206,2.6618,0.0983,60,0
app_3109,1,0.5,0.5,0.5,0,1,1,1,0,60,0
app_3113,1,0.5,0.5,0.5,0,2.5690,1,1.1429,0.4519,60,0
app_3115,1,4,4,4,0,8,8,8,0,60,0
app_3120,1,0.5,0.5,0.5,0,4.0476,3.0548,3.5322,0.2442,60,0
app_3122,1,4,4,4,0,8,8,8,0,60,0
app_3126,1,1.765,0.5,0.5329,0.1732,6.3603,5.2764,5.6307,0.2847,60,0
app_3129,1,0.5,0.5,0.5,0,1.8685,1,1.6319,0.1554,60,0
app_3130,1,0.5,0.5,0.5,0,1.2859,1,1.0253,0.0667,60,0
app_3131,1,0.539,0.5,0.5003,0.0039,5.0042,3.7003,4.6077,0.2549,60,0
app_3134,1,0.5,0.5,0.5,0,1,1,1,0,60,0
app_3137,1,1.334,0.5,1.0786,0.1961,2.5075,2.4226,2.4502,0.0162,60,0
app_3138,1,4,4,4,0,8,8,8,0,60,0
app_3139,1,0.5,0.5,0.5,0,2.8643,2.4166,2.5964,0.1225,60,0
app_314,1,3.931,1.697,2.9737,0.6268,4.6739,3.1134,4.3872,0.4243,60,0
app_3141,1,0.5,0.5,0.5,0,2.7826,2.5135,2.6660,0.0634,60,0
app_3142,1,0.5,0.5,0.5,0,1,1,1,0,60,0
app_3149,1,0.5,0.5,0.5,0,3.0003,2.5452,2.7291,0.1357,60,0
app_315,1,0.5,0.5,0.5,0,1.2162,1,1.0192,0.0583,60,0
app_3150,1,0.5,0.5,0.5,0,5.5587,5.0575,5.3844,0.1364,60,0
app_3154,1,0.5,0.5,0.5,0,3.0187,2.4638,2.7772,0.1373,60,0
app_3159,1,0.5,0.5,0.5,0,5.3128,4.4748,5.0517,0.1818,60,0
app_3160,1,1.096,0.5,0.6212,0.1539,5.0292,4.5815,4.6206,0.0431,60,0
app_3167,1,0.5,0.5,0.5,0,2.9563,2.3079,2.3930,0.1352,60,0
app_3173,1,0.5,0.5,0.5,0,1,1,1,0,60,0
app_3174,1,0.5,0.5,0.5,0,1.3267,1,1.0148,0.0584,100,0
app_3175,1,0.972,0.5,0.5211,0.0856,5.8732,4.7583,5.3244,0.3242,60,0
app_3181,1,0.5,0.5,0.5,0,1,1,1,0,100,0
app_3184,1,0.5,0.5,0.5,0,4.1469,4.0902,4.1260,0.0142,60,0
app_3185,1,0.5,0.5,0.5,0,2.8465,2.6900,2.7807,0.0383,60,0
app_3188,1,0.532,0.5,0.5007,0.0043,5.4651,3.7092,4.9303,0.4724,60,0
app_319,1,0.755,0.5,0.5089,0.0417,5.5854,4.9689,5.3319,0.2049,60,0
app_3196,1,0.5,0.5,0.5,0,5.3476,3.4096,4.8053,0.4942,60,0
app_3198,1,0.5,0.5,0.5,0,4.1796,4.0539,4.0842,0.0311,60,0
app_3202,1,4,4,4,0,8,8,8,0,60,0
app_3206,1,0.5,0.5,0.5,0,3.3617,2.8020,3.0981,0.1628,60,0
app_3207,1,0.5,0.5,0.5,0,3.8790,2.3134,3.2533,0.3634,60,0
app_3214,1,0.5,0.5,0.5,0,3.5116,2.8948,3.2416,0.1383,60,0
app_3215,1,4,4,4,0,8,8,8,0,100,0
app_3229,1,4,4,4,0,8,8,8,0,100,0
app_3230,1,0.5,0.5,0.5,0,2.0909,1,1.2685,0.3731,200,0
app_3232,1,0.5,0.5,0.5,0,3.8718,1,2.2686,1.1105,60,0
app_3236,1,4,4,4,0,16,16,16,0,80,0
app_3237,1,0.591,0.5,0.5009,0.0091,2.4477,1.7150,2.0964,0.1876,180,0
app_3238,1,4,4,4,0,8,8,8,0,60,0
app_324,1,0.5,0.5,0.5,0,3.9818,2.8903,3.1520,0.2296,60,0
app_3241,1,16,16,16,0,60,60,60,0,60,0
app_3245,1,0.5,0.5,0.5,0,1,1,1,0,60,0
app_3255,1,0.5,0.5,0.5,0,4.3463,2.6902,3.0663,0.3932,60,0
app_3256,1,0.5,0.5,0.5,0,3.3862,1.6508,2.7888,0.6579,60,0
app_3257,1,0.5,0.5,0.5,0,2.1108,2.0164,2.0665,0.0239,60,0
app_3264,1,1.772,0.5,0.6758,0.2928,4.6197,2.8119,3.8333,0.6038,60,0
app_3266,1,0.5,0.5,0.5,0,1,1,1,0,60,0
app_3267,1,0.888,0.5,0.5039,0.0391,6.3372,4.4793,5.5127,0.5686,60,0
app_3268,1,0.5,0.5,0.5,0,2.8657,2.4946,2.6561,0.0844,60,0
app_3269,1,0.5,0.5,0.5,0,3.1389,2.6699,2.9702,0.0963,60,0
app_3274,1,0.5,0.5,0.5,0,1.4714,1.0632,1.2374,0.0990,60,0
app_3281,1,0.5,0.5,0.5,0,2.9447,2.8296,2.8890,0.0376,60,0
app_3282,1,0.5,0.5,0.5,0,1,1,1,0,60,0
app_3285,1,0.5,0.5,0.5,0,1.3587,1.2318,1.2795,0.0305,60,0
app_329,1,0.5,0.5,0.5,0,1,1,1,0,60,0
app_3294,1,0.5,0.5,0.5,0,1.0776,1,1.0018,0.0094,60,0
app_3298,1,4,4,4,0,8,8,8,0,60,0
app_3299,1,0.5,0.5,0.5,0,1.2636,1,1.0323,0.0814,60,0
app_33,1,0.5,0.5,0.5,0,3.1106,2.6609,2.8926,0.1288,60,0
app_3300,1,4,4,4,0,8,8,8,0,60,0
app_3308,1,0.5,0.5,0.5,0,1,1,1,0,60,0
app_3309,1,4,4,4,0,8,8,8,0,60,0
app_331,1,0.5,0.5,0.5,0,3.8726,2.4766,3.3199,0.4728,60,0
app_3310,1,1.351,0.5,0.5605,0.1649,1.1158,1,1.0035,0.0199,60,0
app_3313,1,5.739,0.5,3.6073,1.7796,7.3260,3.0955,6.7904,0.9958,60,0
app_3317,1,4,4,4,0,8,8,8,0,60,0
app_3320,1,0.5,0.5,0.5,0,1,1,1,0,200,0
app_3324,1,2.628,0.5,0.8876,0.6753,4.9567,1,2.6537,1.3370,200,0
app_3326,1,0.5,0.5,0.5,0,4.0651,3.4973,3.8130,0.2452,60,0
app_333,1,0.5,0.5,0.5,0,2.8037,2.4121,2.6437,0.1171,60,0
app_3330,1,0.5,0.5,0.5,0,3.2140,2.4232,2.7364,0.2675,60,0
app_3331,1,2.841,0.5,0.5942,0.4592,9.7421,6.2233,7.6988,1.1570,60,0
app_3332,1,0.5,0.5,0.5,0,3.2683,3.1902,3.2071,0.0155,60,0
app_3348,1,0.5,0.5,0.5,0,4.0581,3.8006,3.9972,0.0780,60,0
app_3350,1,0.5,0.5,0.5,0,1,1,1,0,60,0
app_3353,1,0.5,0.5,0.5,0,3.4327,2.9009,3.2519,0.1298,60,0
app_3357,1,0.5,0.5,0.5,0,1,1,1,0,60,0
app_3361,1,0.5,0.5,0.5,0,4.4242,2.9575,3.4888,0.5645,60,0
app_3362,1,0.5,0.5,0.5,0,1.7496,1,1.4929,0.2848,60,0
app_3364,1,0.5,0.5,0.5,0,1,1,1,0,60,0
app_3365,1,0.5,0.5,0.5,0,1,1,1,0,60,0
app_3369,1,1.095,0.5,0.5120,0.0842,5.0805,3.1521,4.4938,0.5303,60,0
app_337,1,0.5,0.5,0.5,0,2.5944,2.2063,2.4026,0.1253,60,0
app_3373,1,0.5,0.5,0.5,0,4.1336,2.4194,3.3904,0.4719,60,0
app_3380,1,7.866,0.869,4.8956,1.9779,13.0533,12.4826,12.7866,0.1106,200,0
app_3393,1,0.5,0.5,0.5,0,1,1,1,0,60,0
app_3396,1,0.5,0.5,0.5,0,2.1041,1.7411,1.9158,0.1358,60,0
app_3399,1,4,4,4,0,8,8,8,0,60,0
app_340,1,4,4,4,0,8,8,8,0,60,0
app_3403,1,2.254,0.5,0.5183,0.1771,4.4939,1,3.9962,0.4293,40,0
app_3404,1,0.5,0.5,0.5,0,2.8143,2.4002,2.6633,0.1122,60,0
app_3406,1,0.5,0.5,0.5,0,2.7424,2.4020,2.6235,0.0770,60,0
app_3412,1,0.5,0.5,0.5,0,3.4972,1,2.6396,0.9947,60,0
app_3418,1,0.5,0.5,0.5,0,2.6681,2.0567,2.3643,0.2028,60,0
app_3419,1,0.5,0.5,0.5,0,1.8867,1.3234,1.6648,0.1401,60,0
app_3421,1,3.047,0.5,0.5484,0.3385,6.3386,3.2691,4.6622,0.9188,60,0
app_3430,1,0.695,0.5,0.5056,0.0249,5.5540,3.8111,4.9906,0.5234,60,0
app_3432,1,0.5,0.5,0.5,0,5.8632,5.5367,5.7263,0.1406,60,0
app_3433,1,0.5,0.5,0.5,0,1.0369,1,1.0025,0.0087,60,0
app_3435,1,0.5,0.5,0.5,0,3.2504,2.9379,3.1210,0.1010,60,0
app_3436,1,0.5,0.5,0.5,0,4.2952,3.8167,4.1936,0.1151,60,0
app_3438,1,0.744,0.5,0.5094,0.0413,6.3316,5.6837,6.1475,0.1632,60,0
app_3439,1,0.5,0.5,0.5,0,3.4700,3.0084,3.3098,0.1438,60,0
app_3440,1,0.5,0.5,0.5,0,3.5618,3.1911,3.3589,0.1164,60,0
app_3446,1,1.115,0.5,0.5099,0.0679,4.6598,2.8897,3.6266,0.4887,60,0
app_3447,1,3.053,0.5,0.5815,0.3658,5.0559,1,4.0425,0.5814,60,0
app_3449,1,0.5,0.5,0.5,0,8.1041,5.4214,6.6571,1.1139,60,0
app_345,1,0.5,0.5,0.5,0,1,1,1,0,60,0
app_3450,1,0.5,0.5,0.5,0,1,1,1,0,60,0
app_3458,1,1.042,0.5,0.9225,0.2217,1,1,1,0,60,0
app_3465,1,0.5,0.5,0.5,0,1,1,1,0,60,0
app_3467,1,0.5,0.5,0.5,0,3.0245,2.6058,2.8757,0.1057,60,0
app_3471,1,0.5,0.5,0.5,0,1,1,1,0,60,0
app_3477,1,0.5,0.5,0.5,0,1,1,1,0,60,0
app_3488,1,0.5,0.5,0.5,0,3.7402,2.9837,3.3958,0.2178,60,0
app_3492,1,4,4,4,0,8,8,8,0,60,0
app_3496,1,0.5,0.5,0.5,0,1.8735,1.4660,1.7199,0.1292,60,0
app_3497,1,0.5,0.5,0.5,0,2.9329,2.3013,2.7181,0.1797,60,0
app_3498,1,2.064,0.5,0.5159,0.1579,2.9495,2.5058,2.7467,0.1073,60,0
app_3500,1,0.5,0.5,0.5,0,1.0965,1,1.0009,0.0097,60,0
app_3502,1,0.887,0.5,0.5067,0.0413,5.6748,4.4379,5.0287,0.3033,60,0
app_3504,1,0.5,0.5,0.5,0,2.1355,1,1.7306,0.3621,60,0
app_3508,1,4,4,4,0,16,16,16,0,40,0
app_3514,1,0.5,0.5,0.5,0,1,1,1,0,60,0
app_3517,1,0.5,0.5,0.5,0,1,1,1,0,60,0
app_3518,1,0.5,0.5,0.5,0,3.1971,2.7931,2.9380,0.1659,60,0
app_3519,1,3.415,0.5,0.5582,0.3260,4.7182,2.7055,3.2085,0.6459,60,0
app_352,1,0.5,0.5,0.5,0,1,1,1,0,60,0
app_3522,1,0.5,0.5,0.5,0,1,1,1,0,60,0
app_3525,1,0.5,0.5,0.5,0,2.9883,2.6110,2.8484,0.1000,60,0
app_3528,1,0.5,0.5,0.5,0,4.9362,2.9400,4.6332,0.4161,60,0
app_3529,1,0.522,0.5,0.5002,0.0022,3.2251,2.8556,3.0358,0.1093,60,0
app_3532,1,0.5,0.5,0.5,0,1,1,1,0,60,0
app_3533,1,0.5,0.5,0.5,0,1.1127,1,1.0066,0.0262,60,0
app_3535,1,4,4,4,0,8,8,8,0,60,0
app_3549,1,4,4,4,0,8,8,8,0,60,0
app_3550,1,0.5,0.5,0.5,0,4.3604,3.5520,4.0402,0.1865,60,0
app_3552,1,4,4,4,0,8,8,8,0,60,0
app_3558,1,0.5,0.5,0.5,0,1.9583,1.5775,1.7751,0.1156,60,0
app_3559,1,0.5,0.5,0.5,0,4.7644,2.6165,4.1643,0.7097,60,0
app_3561,1,0.5,0.5,0.5,0,2.1192,1,1.8950,0.3096,80,0
app_3566,1,0.5,0.5,0.5,0,1.3781,1,1.1646,0.1258,60,0
app_3567,1,4,4,4,0,8,8,8,0,80,0
app_3575,1,0.5,0.5,0.5,0,1,1,1,0,60,0
app_3579,1,0.721,0.5,0.5360,0.0636,3.6213,1.1695,3.1447,0.6422,60,0
app_3583,1,4,4,4,0,8,8,8,0,60,0
app_3586,1,4,0.5,1.8909,1.4024,6.3530,1,3.9193,1.9292,60,0
app_36,1,4,4,4,0,8,8,8,0,60,0
app_3601,1,0.5,0.5,0.5,0,1,1,1,0,60,0
app_3605,1,0.5,0.5,0.5,0,1.1660,1,1.0105,0.0386,60,0
app_3609,1,4,4,4,0,16,16,16,0,80,0
app_3610,1,4,4,4,0,8,8,8,0,60,0
app_3613,1,4,4,4,0,8,8,8,0,60,0
app_3614,1,0.5,0.5,0.5,0,2.4873,2.2195,2.3885,0.0546,60,0
app_3625,1,0.5,0.5,0.5,0,1,1,1,0,60,0
app_3626,1,0.5,0.5,0.5,0,1,1,1,0,60,0
app_363,1,0.5,0.5,0.5,0,6.1615,5.4126,5.7144,0.2305,60,0
app_3638,1,4,4,4,0,8,8,8,0,60,0
app_3642,1,0.5,0.5,0.5,0,3.8384,1,2.6624,0.9572,60,0
app_3644,1,0.5,0.5,0.5,0,3.8955,2.5127,3.6664,0.4006,60,0
app_3646,1,0.5,0.5,0.5,0,1,1,1,0,60,0
app_3650,1,0.58,0.5,0.5008,0.0080,1.3283,1,1.0162,0.0659,60,0
app_3651,1,0.5,0.5,0.5,0,1.0468,1,1.0013,0.0075,60,0
app_3656,1,0.5,0.5,0.5,0,3.2826,1,2.5484,0.9247,60,0
app_366,1,0.5,0.5,0.5,0,3.6550,2.7006,3.1973,0.2793,60,0
app_3662,1,4,4,4,0,8,8,8,0,60,0
app_3664,1,0.5,0.5,0.5,0,3.7832,3.1444,3.4105,0.2332,60,0
app_3665,1,0.5,0.5,0.5,0,4.8153,2.8328,3.7436,0.5644,60,0
app_3667,1,0.5,0.5,0.5,0,1,1,1,0,60,0
app_3677,1,2.147,0.5,1.8981,0.4424,6.2956,1.5822,4.3140,1.5753,60,0
app_3678,1,1.711,0.5,0.7038,0.2879,5.1200,3.5131,4.7042,0.3986,1024,0
app_3681,1,0.5,0.5,0.5,0,2.7285,2.4651,2.5872,0.0496,60,0
app_3684,1,0.5,0.5,0.5,0,4.3478,2.8198,3.6622,0.6340,60,0
app_3687,1,0.5,0.5,0.5,0,2.3873,1,1.9118,0.5118,60,0
app_3690,1,4,4,4,0,8,8,8,0,60,0
app_3697,1,1.157,0.5,0.5067,0.0663,6.3102,3.9459,6.1899,0.4029,60,0
app_3698,1,16,16,16,0,32,32,32,0,200,0
app_3700,1,0.5,0.5,0.5,0,3.7202,2.6347,3.1093,0.4046,60,0
app_3707,1,2.445,0.5,0.5362,0.2535,8.1397,6.4552,7.3759,0.4867,60,0
app_3708,1,1.72,0.5,0.5195,0.1410,4.0192,3.3459,3.7833,0.1585,100,0
app_3712,1,0.5,0.5,0.5,0,5.0053,3.3585,4.7622,0.4662,60,0
app_372,1,0.5,0.5,0.5,0,2.9135,2.4559,2.7158,0.1129,60,0
app_3723,1,4,4,4,0,8,8,8,0,60,0
app_3724,1,4,4,4,0,8,8,8,0,60,0
app_3725,1,0.5,0.5,0.5,0,4.8834,3.1217,4.4558,0.5391,80,0
app_3728,1,4,4,4,0,8,8,8,0,60,0
app_373,1,4,4,4,0,8,8,8,0,60,0
app_3732,1,0.5,0.5,0.5,0,1.0224,1,1.0002,0.0023,60,0
app_3733,1,1.032,0.5,0.5157,0.0870,4.7978,2.8627,4.3560,0.5257,60,0
app_3734,1,0.5,0.5,0.5,0,3.3087,1,2.7928,0.4781,60,0
app_3735,1,0.5,0.5,0.5,0,1,1,1,0,60,0
app_3739,1,0.5,0.5,0.5,0,1,1,1,0,60,0
app_3742,1,0.613,0.5,0.5011,0.0114,4.2301,3.4722,3.8650,0.2214,60,0
app_3743,1,4,4,4,0,8,8,8,0,60,0
app_3744,1,4,4,4,0,8,8,8,0,60,0
app_3749,1,0.5,0.5,0.5,0,3.1319,2.5183,2.8716,0.1289,60,0
app_3752,1,4,4,4,0,8,8,8,0,60,0
app_3757,1,0.5,0.5,0.5,0,1,1,1,0,60,0
app_3760,1,1.077,0.5,0.5058,0.0582,3.7620,3.2354,3.5879,0.1239,60,0
app_3763,1,0.5,0.5,0.5,0,2.8496,2.3562,2.6541,0.1822,60,0
app_3767,1,4,4,4,0,8,8,8,0,60,0
app_3768,1,0.5,0.5,0.5,0,3.1975,2.5695,2.7868,0.2040,60,0
app_3769,1,0.5,0.5,0.5,0,2.9614,2.2344,2.7704,0.1415,60,0
app_377,1,0.5,0.5,0.5,0,3.3216,2.6683,3.0649,0.1763,60,0
app_3772,1,0.5,0.5,0.5,0,5.5659,4.1006,5.2357,0.4866,60,0
app_3775,1,8,8,8,0,16,16,16,0,80,0
app_3777,1,0.5,0.5,0.5,0,1,1,1,0,60,0
app_3778,1,4,4,4,0,8,8,8,0,60,0
app_3781,1,0.863,0.5,0.5037,0.0366,3.4009,2.6177,3.0033,0.2157,60,0
app_3782,1,0.5,0.5,0.5,0,1,1,1,0,60,0
app_3789,1,0.5,0.5,0.5,0,2.5628,1,1.1687,0.3698,60,0
app_379,1,0.5,0.5,0.5,0,1,1,1,0,60,0
app_3796,1,4,4,4,0,8,8,8,0,60,0
app_3798,1,0.5,0.5,0.5,0,3.1445,2.5981,2.7030,0.1859,60,0
app_381,1,0.5,0.5,0.5,0,3.5704,2.9069,3.2819,0.2181,60,0
app_3810,1,0.5,0.5,0.5,0,3.2748,2.7029,3.0570,0.1139,60,0
app_3811,1,0.5,0.5,0.5,0,1,1,1,0,60,0
app_3812,1,0.5,0.5,0.5,0,6.2205,5.7249,6.0136,0.1336,60,0
app_3818,1,0.5,0.5,0.5,0,1,1,1,0,60,0
app_3820,1,0.5,0.5,0.5,0,1,1,1,0,60,0
app_3822,1,0.825,0.5,0.5143,0.0466,5.1128,3.8972,4.8004,0.3578,60,0
app_3823,1,0.5,0.5,0.5,0,2.8077,1,1.3290,0.6746,60,0
app_3824,1,4,4,4,0,8,8,8,0,60,0
app_3827,1,0.5,0.5,0.5,0,2.4494,2.3189,2.3847,0.0375,60,0
app_3828,1,0.5,0.5,0.5,0,1,1,1,0,60,0
app_383,1,0.5,0.5,0.5,0,4.1943,3.2105,3.8985,0.3662,60,0
app_3832,1,0.5,0.5,0.5,0,3.6410,2.8757,3.3266,0.1949,60,0
app_3833,1,0.5,0.5,0.5,0,2.7668,2.6465,2.6957,0.0332,60,0
app_3837,1,0.5,0.5,0.5,0,5.2982,2.9864,4.7146,0.5276,40,0
app_384,1,0.5,0.5,0.5,0,4.9553,4.4518,4.8831,0.1035,60,0
app_3844,1,0.5,0.5,0.5,0,3.2967,2.6419,3.0165,0.1763,60,0
app_3848,1,24,24,24,0,48,48,48,0,300,0
app_3859,1,5.514,0.5,0.6231,0.6625,5.4226,2.3058,2.9194,0.6694,80,0
app_3862,1,1.114,0.5,0.5420,0.1349,6.8389,5.9617,6.3950,0.2838,60,0
app_3863,1,0.5,0.5,0.5,0,2.8338,2.6943,2.7591,0.0455,60,0
app_3870,1,0.5,0.5,0.5,0,3.2249,2.6843,2.9788,0.1451,60,0
app_3872,1,24,24,24,0,48,48,48,0,300,0
app_3877,1,0.5,0.5,0.5,0,1,1,1,0,60,0
app_3881,1,4,4,4,0,8,8,8,0,60,0
app_3883,1,0.608,0.5,0.5022,0.0134,2.9448,2.6098,2.8313,0.1066,60,0
app_3887,1,4,4,4,0,8,8,8,0,60,0
app_3897,1,0.5,0.5,0.5,0,1,1,1,0,60,0
app_3900,1,0.71,0.5,0.5058,0.0302,4.0016,3.2443,3.6075,0.2348,60,0
app_3908,1,0.5,0.5,0.5,0,1,1,1,0,60,0
app_3910,1,0.949,0.57,0.7012,0.1028,6.1805,5.7628,6.0419,0.1009,60,0
app_3924,1,0.5,0.5,0.5,0,1,1,1,0,60,0
app_3925,1,0.5,0.5,0.5,0,3.4464,2.8314,3.0656,0.1358,60,0
app_3927,1,4,4,4,0,8,8,8,0,60,0
app_3932,1,0.5,0.5,0.5,0,1,1,1,0,40,0
app_3934,1,4,4,4,0,8,8,8,0,167,0
app_3935,1,4,4,4,0,8,8,8,0,60,0
app_3938,1,0.5,0.5,0.5,0,3.9559,2.8786,3.5072,0.2944,60,0
app_3941,1,0.5,0.5,0.5,0,1,1,1,0,60,0
app_3943,1,4,4,4,0,8,8,8,0,60,0
app_3946,1,1.735,0.5,0.5147,0.1264,5.3335,3.4439,4.8302,0.6231,60,0
app_395,1,4,4,4,0,8,8,8,0,60,0
app_3961,1,4,4,4,0,8,8,8,0,60,0
app_3962,1,0.5,0.5,0.5,0,1,1,1,0,60,0
app_3967,1,4,4,4,0,8,8,8,0,60,0
app_3971,1,0.5,0.5,0.5,0,2.6788,2.6210,2.6363,0.0098,60,0
app_3975,1,0.5,0.5,0.5,0,1,1,1,0,60,0
app_3978,1,1.42,0.5,0.5932,0.2195,3.7157,2.4370,3.2736,0.3725,60,0
app_3981,1,4,4,4,0,8,8,8,0,60,0
app_3983,1,4,4,4,0,8,8,8,0,80,0
app_3989,1,0.5,0.5,0.5,0,3.4537,2.8565,3.0800,0.2415,60,0
app_3990,1,0.5,0.5,0.5,0,1.5193,1.0570,1.3425,0.1685,60,0
app_3996,1,0.5,0.5,0.5,0,2.9667,2.7179,2.8279,0.0681,60,0
app_4004,1,3.203,2.162,2.5610,0.3237,5.2913,4.9715,5.1106,0.1033,60,0
app_4006,1,0.5,0.5,0.5,0,1,1,1,0,60,0
app_4010,1,0.5,0.5,0.5,0,4.0839,2.5258,3.1655,0.6688,60,0
app_4014,1,1.685,0.5,0.5190,0.1376,7.5005,6.1539,6.5651,0.3566,100,0
app_4018,1,0.5,0.5,0.5,0,1,1,1,0,60,0
app_4019,1,0.5,0.5,0.5,0,1.7547,1,1.0406,0.1303,60,0
app_4021,1,4,4,4,0,8,8,8,0,60,0
app_403,1,4,4,4,0,8,8,8,0,60,0
app_4030,1,0.5,0.5,0.5,0,1,1,1,0,60,0
app_4031,1,0.5,0.5,0.5,0,1,1,1,0,60,0
app_4033,1,0.5,0.5,0.5,0,4.5735,1,3.2547,0.6151,60,0
app_4035,1,2,2,2,0,4,4,4,0,60,0
app_4037,1,1.79,0.5,0.5291,0.1830,9.8404,6.3163,7.2881,0.5842,60,0
app_4040,1,1.204,0.5,0.5129,0.0909,2.4867,1.4605,2.1374,0.2586,60,0
app_4043,1,0.5,0.5,0.5,0,4.2201,2.5272,3.5814,0.4738,60,0
app_4044,1,2.175,0.5,0.6261,0.4021,14.8797,1,8.4583,4.2602,60,0
app_4047,1,32,32,32,0,128,128,128,0,600,0
app_405,1,0.5,0.5,0.5,0,1,1,1,0,60,0
app_4051,1,0.5,0.5,0.5,0,4.7778,3.1857,4.0627,0.6265,40,0
app_4056,1,4,4,4,0,8,8,8,0,60,0
app_4064,1,1.886,0.5,0.5141,0.1400,1.3158,1,1.1891,0.0930,60,0
app_4069,1,1.126,0.5,0.517,0.0824,4.8518,2.7902,4.2124,0.5616,60,0
app_4072,1,0.5,0.5,0.5,0,3.4840,3.2422,3.3659,0.0574,60,0
app_4073,1,0.5,0.5,0.5,0,1.9241,1.5857,1.7832,0.1307,60,0
app_4074,1,0.5,0.5,0.5,0,4.0793,3.6543,3.9843,0.0936,60,0
app_4079,1,0.5,0.5,0.5,0,2.5903,1,2.0999,0.6502,60,0
app_408,1,4,4,4,0,8,8,8,0,80,0
app_4081,1,0.548,0.5,0.5008,0.0059,5.0898,2.3528,4.3282,0.6892,60,0
app_4082,1,0.5,0.5,0.5,0,5.0514,2.8494,4.5720,0.7837,60,0
app_4088,1,0.5,0.5,0.5,0,4.1993,2.7690,3.2380,0.4791,60,0
app_4092,1,4,4,4,0,8,8,8,0,60,0
app_4093,1,0.5,0.5,0.5,0,5.1268,3.4309,4.6670,0.5944,60,0
app_4099,1,0.5,0.5,0.5,0,1,1,1,0,60,0
app_4100,1,0.5,0.5,0.5,0,2.7042,1,1.3203,0.4644,60,0
app_4101,1,0.5,0.5,0.5,0,4.4966,2.9301,3.4341,0.5432,60,0
app_4103,1,0.5,0.5,0.5,0,3.3000,2.7509,2.9263,0.1798,60,0